{"T1": 0.012325238436460495, "T2": 0.9089514017105103}